feature	metadata	value	coef	stderr	N	N.not.0	pval	qval
g__Mediterraneibacter	Antibiotics	Yes	-7.25703544001592	1.2434428117176	53	42	4.17981060280201e-07	0.000132917977169104
g__Anaerostipes	Antibiotics	Yes	-7.2962290791901	1.54288549939183	53	41	1.94658662932315e-05	0.00253810587105918
g__Blautia	Antibiotics	Yes	-4.68365053419645	1.00345803572971	53	42	2.39443950099923e-05	0.00253810587105918
g__Haemophilus	Antibiotics	Yes	-5.47886033257334	1.23183962800744	53	29	4.9867873036636e-05	0.00396449590641256
g__Lacticaseibacillus	Antibiotics	Yes	4.29556934861481	1.03123420664447	53	11	0.000125586463051937	0.0079872990501032
g__Collinsella	Antibiotics	Yes	-4.98524816073757	1.24629999138688	53	31	0.00021345423802892	0.0113130746155328
g__Unknown	Antibiotics	Yes	-4.03636113077154	1.10206612396654	53	45	0.000612128950749311	0.0278081437626116
