feature	metadata	value	coef	stderr	N	N.not.0	pval	qval
p__Bacteroidetes	Antibiotics	Yes	-2.86380821842633	0.790657314737706	53	50	0.000692624303662702	0.0166229832879048
p__Actinobacteria	Antibiotics	Yes	-3.93319626344033	1.22625241613845	53	47	0.00236079328956953	0.0283295194748344
p__Verrucomicrobia	Age	Age	1.53739543992411	0.521531450508221	53	7	0.00489006997695647	0.0391205598156518
